p_val,puntaje,q_refs,caso
0.85,0.081405923310277,1,0
0.85,0.076948597270581,2,0
0.85,0.082736014193789,3,0
0.85,0.077136988619246,4,0
0.85,0.079595600211305,5,0
0.85,0.078818524587779,6,0
0.85,0.079600963109869,7,0
0.85,0.079835760915823,8,0
0.85,0.081629730097741,9,0
0.85,0.080366598445692,10,0
0.85,0.081641473541741,11,0
0.85,0.078886818610521,12,0
0.85,0.081764196248935,13,0
0.85,0.07966944441577,14,0
0.85,0.080229320317162,15,0
0.85,0.078324607175087,16,0
0.85,0.082202323618444,17,0
0.85,0.080858053498616,18,0
0.85,0.082836499949035,19,0
0.85,0.078734259515448,20,0
0.85,0.078309304590544,21,0
0.85,0.080365702206375,22,0
0.85,0.080351536334158,23,0
0.85,0.079874012963489,24,0
0.85,0.080783222008961,25,0
0.85,0.079542636868219,26,0
0.85,0.0813096993017,27,0
0.85,0.081126060021577,28,0
0.85,0.078211466414255,29,0
0.85,0.079424986684336,30,0
0.85,0.079554572415361,31,0
0.85,0.081108397221192,32,0
0.85,0.081524563571492,33,0
0.85,0.078753304004417,34,0
0.85,0.080504982883601,35,0
0.85,0.080412999893149,36,0
0.85,0.080564252520842,37,0
0.85,0.080067402841821,38,0
0.85,0.08040748436768,39,0
0.85,0.079995559529678,40,0
0.85,0.080976650287105,41,0
0.85,0.077981311502486,42,0
0.85,0.078470029874592,43,0
0.85,0.080268380746799,44,0
0.85,0.079523791787378,45,0
0.85,0.080095974955044,46,0
0.85,0.080092294924204,47,0
0.85,0.079462386318373,48,0
0.85,0.080498519844164,49,0
0.85,0.083011278859949,50,0
0.85,0.08172622853746,51,0
0.85,0.08130550261706,52,0
0.85,0.080413262133999,53,0
0.85,0.078669075654057,54,0
0.85,0.081721243531637,55,0
0.85,0.078830332383753,56,0
0.85,0.081698518187115,57,0
0.85,0.081086714555531,58,0
0.85,0.080888748739134,59,0
0.85,0.081600163804627,60,0
0.85,0.079500745747109,61,0
0.85,0.078928478556764,62,0
0.85,0.080754197231063,63,0
0.85,0.079328473193459,64,0
0.85,0.083128133723101,65,0
0.85,0.082259878262305,66,0
0.85,0.080929904942724,67,0
0.85,0.08000395352945,68,0
0.85,0.081318658563508,69,0
0.85,0.079690507509316,70,0
0.85,0.080957257287063,71,0
0.85,0.080256919949343,72,0
0.85,0.080139135929773,73,0
0.85,0.07866831819,74,0
0.85,0.079976377144938,75,0
0.85,0.079292720234186,76,0
0.85,0.078763635206602,77,0
0.85,0.08187058444654,78,0
0.85,0.078989868760827,79,0
0.85,0.080922584157258,80,0
0.85,0.080346101240951,81,0
0.85,0.080662564704089,82,0
0.85,0.08029569575426,83,0
0.85,0.079089789906011,84,0
0.85,0.080899561145653,85,0
0.85,0.079831964002898,86,0
0.85,0.078749753630189,87,0
0.85,0.080093261466789,88,0
0.85,0.078683791178813,89,0
0.85,0.083555271893398,90,0
0.85,0.082322931184904,91,0
0.85,0.079389128500169,92,0
0.85,0.084061090568682,93,0
0.85,0.082118862829164,94,0
0.85,0.079974243589062,95,0
0.85,0.080050329408024,96,0
0.85,0.079762315186951,97,0
0.85,0.079901540250632,98,0
0.85,0.081335616748277,99,0
0.85,0.081818105785754,1,1
0.85,0.081520464478687,2,1
0.85,0.079628322928262,3,1
0.85,0.079278195827013,4,1
0.85,0.078342953723117,5,1
0.85,0.077526694405736,6,1
0.85,0.080585003479438,7,1
0.85,0.07844269075262,8,1
0.85,0.078498364727104,9,1
0.85,0.080177703689386,10,1
0.85,0.080205711651463,11,1
0.85,0.07968027269827,12,1
0.85,0.078227507609639,13,1
0.85,0.08026036635261,14,1
0.85,0.080949201631958,15,1
0.85,0.080705288347313,16,1
0.85,0.083544687527246,17,1
0.85,0.07947500404518,18,1
0.85,0.080898228365316,19,1
0.85,0.080152137062205,20,1
0.85,0.083747956484163,21,1
0.85,0.079308066593989,22,1
0.85,0.07933750222035,23,1
0.85,0.078152196300647,24,1
0.85,0.082288786828134,25,1
0.85,0.079851548486568,26,1
0.85,0.080246627395915,27,1
0.85,0.079884339796771,28,1
0.85,0.080063403236122,29,1
0.85,0.078111250101628,30,1
0.85,0.081126932538578,31,1
0.85,0.080537385625673,32,1
0.85,0.07970453955302,33,1
0.85,0.081526142065749,34,1
0.85,0.080449235147405,35,1
0.85,0.079624193639838,36,1
0.85,0.080608533519854,37,1
0.85,0.079160705509926,38,1
0.85,0.079421069898442,39,1
0.85,0.081503700158533,40,1
0.85,0.083629954391981,41,1
0.85,0.078297199910701,42,1
0.85,0.079206569850493,43,1
0.85,0.079700639908711,44,1
0.85,0.079912407026647,45,1
0.85,0.080208198824105,46,1
0.85,0.079885479831358,47,1
0.85,0.081049225895037,48,1
0.85,0.078298921274708,49,1
0.85,0.079840500368063,50,1
0.85,0.080738491810311,51,1
0.85,0.081701021087024,52,1
0.85,0.080319993951965,53,1
0.85,0.080829080201107,54,1
0.85,0.08011388366904,55,1
0.85,0.078674420254298,56,1
0.85,0.07849651196251,57,1
0.85,0.079240567156136,58,1
0.85,0.078968180085087,59,1
0.85,0.078757365456466,60,1
0.85,0.080578763971027,61,1
0.85,0.081686954224676,62,1
0.85,0.080477385501236,63,1
0.85,0.079809710827545,64,1
0.85,0.079766551218478,65,1
0.85,0.081044590348179,66,1
0.85,0.080233232732489,67,1
0.85,0.080017362792094,68,1
0.85,0.080683973986016,69,1
0.85,0.079866976880798,70,1
0.85,0.079628610827081,71,1
0.85,0.081302436103281,72,1
0.85,0.078771180962869,73,1
0.85,0.08336626376912,74,1
0.85,0.079280645029217,75,1
0.85,0.08113819088262,76,1
0.85,0.079485269378584,77,1
0.85,0.080545356851245,78,1
0.85,0.079737652212857,79,1
0.85,0.080944688798547,80,1
0.85,0.081796512412141,81,1
0.85,0.083344467536868,82,1
0.85,0.079614171353255,83,1
0.85,0.080065004306822,84,1
0.85,0.081786411043733,85,1
0.85,0.083651228253861,86,1
0.85,0.078733707553707,87,1
0.85,0.079869688070997,88,1
0.85,0.081777818386826,89,1
0.85,0.079688310323018,90,1
0.85,0.079332106802931,91,1
0.85,0.078991790080256,92,1
0.85,0.082911785466497,93,1
0.85,0.079831974571928,94,1
0.85,0.082740116088227,95,1
0.85,0.07852138393839,96,1
0.85,0.081652066505617,97,1
0.85,0.081415146429229,98,1
0.85,0.079894437862043,99,1
0.85,0.086244049712797,1,2
0.85,0.077047999955035,2,2
0.85,0.080797713504068,3,2
0.85,0.080471993454501,4,2
0.85,0.08206930190354,5,2
0.85,0.085094608940634,6,2
0.85,0.080490397111715,7,2
0.85,0.081338900950553,8,2
0.85,0.080843431646881,9,2
0.85,0.079839523340339,10,2
0.85,0.079128496921798,11,2
0.85,0.083099140322845,12,2
0.85,0.080821829917941,13,2
0.85,0.080123545776824,14,2
0.85,0.080812379483632,15,2
0.85,0.078316327835091,16,2
0.85,0.079416464868641,17,2
0.85,0.078831678635572,18,2
0.85,0.081162644591941,19,2
0.85,0.079508883934981,20,2
0.85,0.08123638789797,21,2
0.85,0.079815305255755,22,2
0.85,0.080125911923626,23,2
0.85,0.081236211916604,24,2
0.85,0.081569594696024,25,2
0.85,0.083192623221789,26,2
0.85,0.079809735738493,27,2
0.85,0.079100450673454,28,2
0.85,0.080588045558865,29,2
0.85,0.080815017982201,30,2
0.85,0.079834755491102,31,2
0.85,0.080537288674499,32,2
0.85,0.079502514390494,33,2
0.85,0.079821275706194,34,2
0.85,0.080269381416652,35,2
0.85,0.078646992295105,36,2
0.85,0.082262282269835,37,2
0.85,0.079635029091632,38,2
0.85,0.079913946986013,39,2
0.85,0.078294853036869,40,2
0.85,0.081873079667593,41,2
0.85,0.081139405897476,42,2
0.85,0.07935974547054,43,2
0.85,0.080360481123245,44,2
0.85,0.079722908259207,45,2
0.85,0.080797209883159,46,2
0.85,0.079207499466028,47,2
0.85,0.08028202664804,48,2
0.85,0.080885275665582,49,2
0.85,0.079227047578665,50,2
0.85,0.078945748255008,51,2
0.85,0.079412763563907,52,2
0.85,0.083086297805717,53,2
0.85,0.080448806273093,54,2
0.85,0.077847540938187,55,2
0.85,0.084765197037506,56,2
0.85,0.082836546251743,57,2
0.85,0.081926189507007,58,2
0.85,0.079517315616193,59,2
0.85,0.07859600140144,60,2
0.85,0.079451336474201,61,2
0.85,0.080309458674989,62,2
0.85,0.082032623539322,63,2
0.85,0.080215703834748,64,2
0.85,0.079883404131772,65,2
0.85,0.081246162053093,66,2
0.85,0.080143657694856,67,2
0.85,0.078734794482397,68,2
0.85,0.080278776930703,69,2
0.85,0.080961917589533,70,2
0.85,0.08067124255074,71,2
0.85,0.079753271360051,72,2
0.85,0.080270745336023,73,2
0.85,0.079868163281163,74,2
0.85,0.0828238734324,75,2
0.85,0.080400507249013,76,2
0.85,0.079845274336204,77,2
0.85,0.082873345394975,78,2
0.85,0.078852154780431,79,2
0.85,0.079266012462854,80,2
0.85,0.079981972485146,81,2
0.85,0.079306026179753,82,2
0.85,0.07946918540637,83,2
0.85,0.082743593724145,84,2
0.85,0.081083120414402,85,2
0.85,0.080705262655066,86,2
0.85,0.078875208968574,87,2
0.85,0.080219301692124,88,2
0.85,0.080675867319461,89,2
0.85,0.078520866688252,90,2
0.85,0.080230496402037,91,2
0.85,0.080354314537639,92,2
0.85,0.079570816275183,93,2
0.85,0.079790525385254,94,2
0.85,0.081930357324416,95,2
0.85,0.079777506644093,96,2
0.85,0.080171891044688,97,2
0.85,0.079613827753281,98,2
0.85,0.080636207632612,99,2
0.85,0.080237367895516,1,3
0.85,0.079083024271927,2,3
0.85,0.077652795282306,3,3
0.85,0.079907467649052,4,3
0.85,0.079351010859388,5,3
0.85,0.079452523772194,6,3
0.85,0.081438309661823,7,3
0.85,0.080061989912121,8,3
0.85,0.079715400562817,9,3
0.85,0.085167173140449,10,3
0.85,0.081897435884811,11,3
0.85,0.079100525279322,12,3
0.85,0.079910872782531,13,3
0.85,0.079481348980593,14,3
0.85,0.08069866055536,15,3
0.85,0.079620720230224,16,3
0.85,0.079224228447204,17,3
0.85,0.081917561077061,18,3
0.85,0.082115468800351,19,3
0.85,0.081302384116503,20,3
0.85,0.080327169842152,21,3
0.85,0.078633879107021,22,3
0.85,0.082596905044989,23,3
0.85,0.079530521147133,24,3
0.85,0.080535233625527,25,3
0.85,0.080169423588609,26,3
0.85,0.079671736740048,27,3
0.85,0.081337249424469,28,3
0.85,0.08091779038992,29,3
0.85,0.08238514072484,30,3
0.85,0.080725825607009,31,3
0.85,0.080635753713675,32,3
0.85,0.081302176058946,33,3
0.85,0.079542401821748,34,3
0.85,0.078994314731467,35,3
0.85,0.080165410693313,36,3
0.85,0.078966042566688,37,3
0.85,0.079758921137451,38,3
0.85,0.079633524790573,39,3
0.85,0.078908842889325,40,3
0.85,0.083288415229747,41,3
0.85,0.080055450285609,42,3
0.85,0.079171047883359,43,3
0.85,0.081648054100858,44,3
0.85,0.078991887310991,45,3
0.85,0.079152426932039,46,3
0.85,0.081755374058671,47,3
0.85,0.080996108018322,48,3
0.85,0.080246347935684,49,3
0.85,0.081616968709096,50,3
0.85,0.079319260394635,51,3
0.85,0.079246760616444,52,3
0.85,0.080406153980866,53,3
0.85,0.08051363734098,54,3
0.85,0.081422485312725,55,3
0.85,0.079584840203969,56,3
0.85,0.080834581931583,57,3
0.85,0.081747017639776,58,3
0.85,0.079455474157602,59,3
0.85,0.082017968561369,60,3
0.85,0.081630978918482,61,3
0.85,0.079266371944107,62,3
0.85,0.080303219240148,63,3
0.85,0.078815484012544,64,3
0.85,0.080076363662965,65,3
0.85,0.079686822028353,66,3
0.85,0.080572457851344,67,3
0.85,0.079462571363371,68,3
0.85,0.08090545841129,69,3
0.85,0.079670231512321,70,3
0.85,0.080454127262403,71,3
0.85,0.079804623545491,72,3
0.85,0.080845937336387,73,3
0.85,0.081090685373798,74,3
0.85,0.08160364232166,75,3
0.85,0.079348150431387,76,3
0.85,0.078312269542364,77,3
0.85,0.080931843583326,78,3
0.85,0.077378278361634,79,3
0.85,0.079397442971991,80,3
0.85,0.079417665166044,81,3
0.85,0.079238554819922,82,3
0.85,0.081102750887519,83,3
0.85,0.079238523283487,84,3
0.85,0.079819427840992,85,3
0.85,0.079400574641583,86,3
0.85,0.079066821220559,87,3
0.85,0.080296679407312,88,3
0.85,0.081483939683835,89,3
0.85,0.080253769836988,90,3
0.85,0.079172040589871,91,3
0.85,0.080560280490363,92,3
0.85,0.080262417156735,93,3
0.85,0.078945890876031,94,3
0.85,0.080222643308575,95,3
0.85,0.08131076023686,96,3
0.85,0.081016922759554,97,3
0.85,0.08086259460018,98,3
0.85,0.080745747878104,99,3
0.85,0.080969427389889,1,4
0.85,0.080822731044325,2,4
0.85,0.083805449448525,3,4
0.85,0.079832396568325,4,4
0.85,0.080230360229466,5,4
0.85,0.080221887753903,6,4
0.85,0.081822634454604,7,4
0.85,0.079657801927827,8,4
0.85,0.079379449532918,9,4
0.85,0.082803411762829,10,4
0.85,0.082384716178809,11,4
0.85,0.079417904152999,12,4
0.85,0.081087815701409,13,4
0.85,0.082006462254374,14,4
0.85,0.081309294562698,15,4
0.85,0.079642965798645,16,4
0.85,0.080172064942932,17,4
0.85,0.080605823400077,18,4
0.85,0.08103674944472,19,4
0.85,0.078805899269324,20,4
0.85,0.083324931438251,21,4
0.85,0.079381854668358,22,4
0.85,0.079227122313759,23,4
0.85,0.08140544284464,24,4
0.85,0.08127190267588,25,4
0.85,0.080131026505866,26,4
0.85,0.081621653722508,27,4
0.85,0.08191443590124,28,4
0.85,0.08194557690663,29,4
0.85,0.079005995887405,30,4
0.85,0.080173191271122,31,4
0.85,0.07978171818267,32,4
0.85,0.082544896038018,33,4
0.85,0.078953025134808,34,4
0.85,0.078909319495632,35,4
0.85,0.079690627989043,36,4
0.85,0.078735641984902,37,4
0.85,0.08004093757822,38,4
0.85,0.078804440162137,39,4
0.85,0.078420491766323,40,4
0.85,0.079753782553697,41,4
0.85,0.079092977867272,42,4
0.85,0.080226615276578,43,4
0.85,0.08055334272184,44,4
0.85,0.08104915172642,45,4
0.85,0.079598305510296,46,4
0.85,0.080780303574219,47,4
0.85,0.081282568545756,48,4
0.85,0.079553533972626,49,4
0.85,0.080002886302049,50,4
0.85,0.079027429669181,51,4
0.85,0.079388114158998,52,4
0.85,0.085117860018306,53,4
0.85,0.080128416684022,54,4
0.85,0.080032236350651,55,4
0.85,0.081509048647554,56,4
0.85,0.08178372303877,57,4
0.85,0.080298997045594,58,4
0.85,0.079973092633227,59,4
0.85,0.080440152190574,60,4
0.85,0.079493685105279,61,4
0.85,0.079894601483283,62,4
0.85,0.080225430870858,63,4
0.85,0.079319450885794,64,4
0.85,0.079238924297573,65,4
0.85,0.079651068452375,66,4
0.85,0.079646664947102,67,4
0.85,0.080261911002158,68,4
0.85,0.08023949310484,69,4
0.85,0.08075123721994,70,4
0.85,0.082445224806971,71,4
0.85,0.078813482603927,72,4
0.85,0.079094791381968,73,4
0.85,0.078762138857231,74,4
0.85,0.079944772730123,75,4
0.85,0.082062886935967,76,4
0.85,0.080738098551125,77,4
0.85,0.081151790856432,78,4
0.85,0.079783319090067,79,4
0.85,0.079517350144117,80,4
0.85,0.080564033643943,81,4
0.85,0.079845071308875,82,4
0.85,0.07936892065343,83,4
0.85,0.081230423027108,84,4
0.85,0.079078458600603,85,4
0.85,0.079625301455047,86,4
0.85,0.081137462448727,87,4
0.85,0.079586207634503,88,4
0.85,0.081681085712329,89,4
0.85,0.082377344936848,90,4
0.85,0.084973491076086,91,4
0.85,0.079102474251818,92,4
0.85,0.081415427093323,93,4
0.85,0.081738359717111,94,4
0.85,0.078671847985162,95,4
0.85,0.080475746454747,96,4
0.85,0.080711791148394,97,4
0.85,0.082080418204225,98,4
0.85,0.082284517540287,99,4
0.85,0.080673906248407,1,5
0.85,0.08042110775174,2,5
0.85,0.080437258344416,3,5
0.85,0.08058433102743,4,5
0.85,0.080013592568099,5,5
0.85,0.079120514594052,6,5
0.85,0.079530130475278,7,5
0.85,0.078917314022618,8,5
0.85,0.080740095384991,9,5
0.85,0.080882778315079,10,5
0.85,0.080429346733145,11,5
0.85,0.079489626404107,12,5
0.85,0.079503177806024,13,5
0.85,0.081251517908219,14,5
0.85,0.079385955685979,15,5
0.85,0.080440041146827,16,5
0.85,0.080224147214891,17,5
0.85,0.08054863550258,18,5
0.85,0.078647899878951,19,5
0.85,0.08056779306327,20,5
0.85,0.079587524383499,21,5
0.85,0.082557953380982,22,5
0.85,0.080735151641833,23,5
0.85,0.08080339932411,24,5
0.85,0.079542800044815,25,5
0.85,0.079489780819701,26,5
0.85,0.082031100010305,27,5
0.85,0.079940548696275,28,5
0.85,0.081716887246241,29,5
0.85,0.080851359003376,30,5
0.85,0.082538987038901,31,5
0.85,0.078667355454488,32,5
0.85,0.078870111042027,33,5
0.85,0.080731670819791,34,5
0.85,0.080079140213466,35,5
0.85,0.080666641105261,36,5
0.85,0.079130154914186,37,5
0.85,0.080309696336614,38,5
0.85,0.080039083271798,39,5
0.85,0.080428808175236,40,5
0.85,0.079258726500116,41,5
0.85,0.080983315470306,42,5
0.85,0.079159505578178,43,5
0.85,0.078606676505358,44,5
0.85,0.079201531814477,45,5
0.85,0.081294022392714,46,5
0.85,0.083371802796702,47,5
0.85,0.080311703230485,48,5
0.85,0.079140828542687,49,5
0.85,0.079693986710807,50,5
0.85,0.07854468278702,51,5
0.85,0.081022675683306,52,5
0.85,0.082665269300908,53,5
0.85,0.078999783721255,54,5
0.85,0.081486128994831,55,5
0.85,0.080285681263739,56,5
0.85,0.078629029574637,57,5
0.85,0.081715457773833,58,5
0.85,0.079715716672072,59,5
0.85,0.081101326558084,60,5
0.85,0.079740683133538,61,5
0.85,0.079661219349185,62,5
0.85,0.081604140502224,63,5
0.85,0.081480994985828,64,5
0.85,0.081268945476928,65,5
0.85,0.081271974234855,66,5
0.85,0.079324561534734,67,5
0.85,0.079754292290553,68,5
0.85,0.08188752732356,69,5
0.85,0.080035992469359,70,5
0.85,0.079744704142456,71,5
0.85,0.080136492992162,72,5
0.85,0.07998146704689,73,5
0.85,0.079204525864172,74,5
0.85,0.078716472942093,75,5
0.85,0.081266583683181,76,5
0.85,0.080307494436538,77,5
0.85,0.080865719964287,78,5
0.85,0.080385550679907,79,5
0.85,0.080761348250463,80,5
0.85,0.080449816918465,81,5
0.85,0.079301496293784,82,5
0.85,0.079774816112556,83,5
0.85,0.077375394623436,84,5
0.85,0.08000131654544,85,5
0.85,0.08208011494199,86,5
0.85,0.080258586927633,87,5
0.85,0.081879574563784,88,5
0.85,0.078754936177972,89,5
0.85,0.079965877874846,90,5
0.85,0.081533978283967,91,5
0.85,0.080252569171128,92,5
0.85,0.08002352563575,93,5
0.85,0.083424885490855,94,5
0.85,0.080500614743607,95,5
0.85,0.078658435481458,96,5
0.85,0.082088597950058,97,5
0.85,0.080082965090102,98,5
0.85,0.082278356968381,99,5
0.85,0.081657500079064,1,6
0.85,0.081153932059004,2,6
0.85,0.08483207489745,3,6
0.85,0.079219411484448,4,6
0.85,0.078877399341949,5,6
0.85,0.081700024407654,6,6
0.85,0.080624232766393,7,6
0.85,0.079134857878699,8,6
0.85,0.084312353541203,9,6
0.85,0.079773451923116,10,6
0.85,0.079599427339586,11,6
0.85,0.082148375339115,12,6
0.85,0.081343389383382,13,6
0.85,0.080912839839588,14,6
0.85,0.080007457746745,15,6
0.85,0.081036779304481,16,6
0.85,0.079358454134883,17,6
0.85,0.079095853464733,18,6
0.85,0.079570621582429,19,6
0.85,0.080307854410279,20,6
0.85,0.07988326133017,21,6
0.85,0.080515073143424,22,6
0.85,0.079487178763352,23,6
0.85,0.079182367004937,24,6
0.85,0.080083688498616,25,6
0.85,0.080391748059459,26,6
0.85,0.080757448608796,27,6
0.85,0.07896980738344,28,6
0.85,0.078616709619508,29,6
0.85,0.079767646281164,30,6
0.85,0.079344857141795,31,6
0.85,0.079946528249821,32,6
0.85,0.077973672675239,33,6
0.85,0.081108139229344,34,6
0.85,0.077387097366028,35,6
0.85,0.079613748978024,36,6
0.85,0.081418396875414,37,6
0.85,0.078522175635444,38,6
0.85,0.079591610827496,39,6
0.85,0.084787455743362,40,6
0.85,0.080599441019385,41,6
0.85,0.079792288421936,42,6
0.85,0.079229199174389,43,6
0.85,0.08116811874318,44,6
0.85,0.082069108597309,45,6
0.85,0.08003215454509,46,6
0.85,0.080684478568322,47,6
0.85,0.080416736307059,48,6
0.85,0.082178148551116,49,6
0.85,0.078402351255983,50,6
0.85,0.080960898992137,51,6
0.85,0.077739606479241,52,6
0.85,0.080793738815503,53,6
0.85,0.077893090018486,54,6
0.85,0.08066212296175,55,6
0.85,0.081309352108536,56,6
0.85,0.080268727767002,57,6
0.85,0.078642292462182,58,6
0.85,0.0816653946282,59,6
0.85,0.080919929679126,60,6
0.85,0.080620525552069,61,6
0.85,0.078948025494989,62,6
0.85,0.078907275065452,63,6
0.85,0.0806177581788,64,6
0.85,0.080593945113021,65,6
0.85,0.079545482740054,66,6
0.85,0.080010265200676,67,6
0.85,0.079286718160157,68,6
0.85,0.079396955582314,69,6
0.85,0.078980040066607,70,6
0.85,0.079226352794651,71,6
0.85,0.080061235096099,72,6
0.85,0.082870244661128,73,6
0.85,0.080489415406997,74,6
0.85,0.079738735356965,75,6
0.85,0.07978236436015,76,6
0.85,0.08043365165191,77,6
0.85,0.081657303861416,78,6
0.85,0.079514356356911,79,6
0.85,0.081903999942005,80,6
0.85,0.079323869693006,81,6
0.85,0.080336750332958,82,6
0.85,0.080008153154519,83,6
0.85,0.079369008099151,84,6
0.85,0.083225290186353,85,6
0.85,0.078179679183504,86,6
0.85,0.080118740477993,87,6
0.85,0.079131833030927,88,6
0.85,0.078908638932526,89,6
0.85,0.079738970661672,90,6
0.85,0.079574608104872,91,6
0.85,0.080359320306497,92,6
0.85,0.079457013458158,93,6
0.85,0.07955615805285,94,6
0.85,0.07984855018626,95,6
0.85,0.08240831829202,96,6
0.85,0.081579614755515,97,6
0.85,0.079286412867477,98,6
0.85,0.082181160597243,99,6
0.85,0.079951048835548,1,7
0.85,0.078599999345539,2,7
0.85,0.078975993758455,3,7
0.85,0.080184933632711,4,7
0.85,0.07957808629102,5,7
0.85,0.076990105802996,6,7
0.85,0.078824132007483,7,7
0.85,0.080019306210891,8,7
0.85,0.080991121310081,9,7
0.85,0.082322495912157,10,7
0.85,0.079404587769241,11,7
0.85,0.081901447187222,12,7
0.85,0.081400048715479,13,7
0.85,0.081938045532001,14,7
0.85,0.080102120281822,15,7
0.85,0.079223785215078,16,7
0.85,0.079818443131207,17,7
0.85,0.079390890907562,18,7
0.85,0.081354261554559,19,7
0.85,0.078198881175719,20,7
0.85,0.080532961558064,21,7
0.85,0.082042939270181,22,7
0.85,0.07922051282587,23,7
0.85,0.079959981559177,24,7
0.85,0.079515679564718,25,7
0.85,0.081486143013875,26,7
0.85,0.079605210847052,27,7
0.85,0.079520223988157,28,7
0.85,0.079448155830495,29,7
0.85,0.079993302913809,30,7
0.85,0.078983799316761,31,7
0.85,0.08291068121592,32,7
0.85,0.081300700775863,33,7
0.85,0.081967735532228,34,7
0.85,0.081068246563446,35,7
0.85,0.079574572490582,36,7
0.85,0.082127328069805,37,7
0.85,0.084098512396111,38,7
0.85,0.079057045210184,39,7
0.85,0.080566469191613,40,7
0.85,0.079430982242106,41,7
0.85,0.080824584190432,42,7
0.85,0.08032121447698,43,7
0.85,0.078735655357402,44,7
0.85,0.08186619864072,45,7
0.85,0.079775017851622,46,7
0.85,0.079675448017914,47,7
0.85,0.078920716811432,48,7
0.85,0.079373809528298,49,7
0.85,0.079880427372528,50,7
0.85,0.081049870338804,51,7
0.85,0.081116117848883,52,7
0.85,0.081091933020924,53,7
0.85,0.080001801333843,54,7
0.85,0.078470052326409,55,7
0.85,0.08205410638174,56,7
0.85,0.0803191177439,57,7
0.85,0.080124086037538,58,7
0.85,0.079814898756277,59,7
0.85,0.079551500336351,60,7
0.85,0.07971155754046,61,7
0.85,0.079511751925918,62,7
0.85,0.080678859838518,63,7
0.85,0.080793467722891,64,7
0.85,0.08093748112957,65,7
0.85,0.078733762863677,66,7
0.85,0.078780550054006,67,7
0.85,0.081354642028117,68,7
0.85,0.082477188180976,69,7
0.85,0.08018157839808,70,7
0.85,0.079704651771448,71,7
0.85,0.080037115002836,72,7
0.85,0.081097601117342,73,7
0.85,0.079323705933256,74,7
0.85,0.07950560301263,75,7
0.85,0.082641767239516,76,7
0.85,0.078847061216004,77,7
0.85,0.07976075480417,78,7
0.85,0.081657625839348,79,7
0.85,0.080412296695682,80,7
0.85,0.081924621373019,81,7
0.85,0.081033981562962,82,7
0.85,0.08069588934182,83,7
0.85,0.076948148406918,84,7
0.85,0.079336644917556,85,7
0.85,0.080800414840303,86,7
0.85,0.080424442783941,87,7
0.85,0.08286537694306,88,7
0.85,0.080014283664704,89,7
0.85,0.079577622989299,90,7
0.85,0.079134327287637,91,7
0.85,0.078848901116247,92,7
0.85,0.080269615685101,93,7
0.85,0.080982523977341,94,7
0.85,0.082479045234778,95,7
0.85,0.080387937025004,96,7
0.85,0.081732621397136,97,7
0.85,0.080312680788984,98,7
0.85,0.079626490795712,99,7
0.85,0.083183318751344,1,8
0.85,0.078561602473482,2,8
0.85,0.080369732028875,3,8
0.85,0.079283273004891,4,8
0.85,0.081657331589414,5,8
0.85,0.079163906225554,6,8
0.85,0.07755086222542,7,8
0.85,0.078964211097166,8,8
0.85,0.079414784112715,9,8
0.85,0.079313992628749,10,8
0.85,0.080343428072949,11,8
0.85,0.078906384564656,12,8
0.85,0.079158238485343,13,8
0.85,0.082241750307193,14,8
0.85,0.079096677134578,15,8
0.85,0.082992794719428,16,8
0.85,0.081294340923104,17,8
0.85,0.079506042514254,18,8
0.85,0.081614911543922,19,8
0.85,0.078475809494218,20,8
0.85,0.078505044513224,21,8
0.85,0.07954400762986,22,8
0.85,0.080398906345493,23,8
0.85,0.079325267237855,24,8
0.85,0.080302883948464,25,8
0.85,0.081575228071421,26,8
0.85,0.079565740571852,27,8
0.85,0.079815538136141,28,8
0.85,0.082380738586008,29,8
0.85,0.080497801864507,30,8
0.85,0.081551580801299,31,8
0.85,0.082546965242658,32,8
0.85,0.080357324366803,33,8
0.85,0.082466650614211,34,8
0.85,0.07945918747255,35,8
0.85,0.080824532550459,36,8
0.85,0.079790331978755,37,8
0.85,0.07902899352981,38,8
0.85,0.081457941223498,39,8
0.85,0.078543677795332,40,8
0.85,0.080975212051056,41,8
0.85,0.078805917051799,42,8
0.85,0.08211864242164,43,8
0.85,0.079982013566043,44,8
0.85,0.079525780153068,45,8
0.85,0.080906246674006,46,8
0.85,0.079897127673163,47,8
0.85,0.07908412861238,48,8
0.85,0.082534171648091,49,8
0.85,0.083125985634175,50,8
0.85,0.08005519934044,51,8
0.85,0.082181169282723,52,8
0.85,0.08048408076671,53,8
0.85,0.07936173667491,54,8
0.85,0.080418717070534,55,8
0.85,0.080447345773376,56,8
0.85,0.081851930066723,57,8
0.85,0.0800574622152,58,8
0.85,0.080813311339792,59,8
0.85,0.079299513577869,60,8
0.85,0.081211042625886,61,8
0.85,0.081209165005415,62,8
0.85,0.082037295420706,63,8
0.85,0.080339442123641,64,8
0.85,0.080984257894637,65,8
0.85,0.079448460166622,66,8
0.85,0.08123105378218,67,8
0.85,0.079488945711778,68,8
0.85,0.07945267110068,69,8
0.85,0.081605137778059,70,8
0.85,0.079287575129271,71,8
0.85,0.080433456641698,72,8
0.85,0.078778809816214,73,8
0.85,0.079989890568243,74,8
0.85,0.081116772095674,75,8
0.85,0.080781589127662,76,8
0.85,0.079439562898122,77,8
0.85,0.07997593568316,78,8
0.85,0.081093063458293,79,8
0.85,0.079204633612938,80,8
0.85,0.078669692302586,81,8
0.85,0.079913798458909,82,8
0.85,0.079787436217783,83,8
0.85,0.079981636987413,84,8
0.85,0.079385162435616,85,8
0.85,0.078296401033251,86,8
0.85,0.080794509395186,87,8
0.85,0.080173317611955,88,8
0.85,0.0781570982555,89,8
0.85,0.079146339730082,90,8
0.85,0.08230457375104,91,8
0.85,0.081981470100375,92,8
0.85,0.079700778857255,93,8
0.85,0.079409995350337,94,8
0.85,0.079916347311977,95,8
0.85,0.081151023047821,96,8
0.85,0.079984605724141,97,8
0.85,0.080428698110808,98,8
0.85,0.079229000657886,99,8
0.85,0.081484619408134,1,9
0.85,0.08052331342332,2,9
0.85,0.082302325272163,3,9
0.85,0.077957987137302,4,9
0.85,0.083107727168094,5,9
0.85,0.080407880076779,6,9
0.85,0.081967530708667,7,9
0.85,0.079194338386501,8,9
0.85,0.080866003027915,9,9
0.85,0.079557477363836,10,9
0.85,0.081483121879256,11,9
0.85,0.080247781477994,12,9
0.85,0.078874921966672,13,9
0.85,0.081333673894961,14,9
0.85,0.080451023992933,15,9
0.85,0.07977898523438,16,9
0.85,0.080686533889804,17,9
0.85,0.080521735427681,18,9
0.85,0.079388179888168,19,9
0.85,0.080353357502755,20,9
0.85,0.080991777903871,21,9
0.85,0.07922689654598,22,9
0.85,0.079525968695848,23,9
0.85,0.07955700036094,24,9
0.85,0.079611316738488,25,9
0.85,0.081007469857401,26,9
0.85,0.080204275585548,27,9
0.85,0.079756134378164,28,9
0.85,0.07980581051583,29,9
0.85,0.078390925249931,30,9
0.85,0.082997879434221,31,9
0.85,0.08241804284963,32,9
0.85,0.08055265539224,33,9
0.85,0.080817150920131,34,9
0.85,0.080634883688905,35,9
0.85,0.080049558009176,36,9
0.85,0.078821068049685,37,9
0.85,0.080965525961522,38,9
0.85,0.079482742528582,39,9
0.85,0.080597197094851,40,9
0.85,0.081008235878164,41,9
0.85,0.080652739082015,42,9
0.85,0.079503040274336,43,9
0.85,0.079336814238593,44,9
0.85,0.081063281041493,45,9
0.85,0.08357611009585,46,9
0.85,0.079806798383688,47,9
0.85,0.082526841703743,48,9
0.85,0.079222243046081,49,9
0.85,0.07984729578364,50,9
0.85,0.079357803884706,51,9
0.85,0.079698981937053,52,9
0.85,0.079361697316863,53,9
0.85,0.080723793056477,54,9
0.85,0.081923090960236,55,9
0.85,0.080946221780053,56,9
0.85,0.082887132676522,57,9
0.85,0.079540263744796,58,9
0.85,0.078260284443418,59,9
0.85,0.080908822525377,60,9
0.85,0.081694193226384,61,9
0.85,0.08020301689681,62,9
0.85,0.081262452910288,63,9
0.85,0.079997566860123,64,9
0.85,0.079373692281613,65,9
0.85,0.079023298368961,66,9
0.85,0.081053876204318,67,9
0.85,0.079252643505962,68,9
0.85,0.079858477692704,69,9
0.85,0.079491643363881,70,9
0.85,0.082022791777548,71,9
0.85,0.079792886779068,72,9
0.85,0.080917533061206,73,9
0.85,0.081555043883323,74,9
0.85,0.079804995270028,75,9
0.85,0.078977888922689,76,9
0.85,0.082490005241167,77,9
0.85,0.078141390105729,78,9
0.85,0.080190816342743,79,9
0.85,0.079810757337853,80,9
0.85,0.080577108022287,81,9
0.85,0.080741632015101,82,9
0.85,0.081528000181625,83,9
0.85,0.079766743180738,84,9
0.85,0.080232315418439,85,9
0.85,0.078948166567601,86,9
0.85,0.080007913776581,87,9
0.85,0.07916701808882,88,9
0.85,0.080141177340308,89,9
0.85,0.079766695475869,90,9
0.85,0.07984032137906,91,9
0.85,0.07991101526608,92,9
0.85,0.080786781067158,93,9
0.85,0.080697317429602,94,9
0.85,0.080484119022047,95,9
0.85,0.081154199599856,96,9
0.85,0.07913495347054,97,9
0.85,0.080596160906567,98,9
0.85,0.079779239056252,99,9
0.85,0.080649199946697,1,10
0.85,0.079381597405899,2,10
0.85,0.080460440940613,3,10
0.85,0.078139902289266,4,10
0.85,0.080784837343162,5,10
0.85,0.080028651349294,6,10
0.85,0.080968282637474,7,10
0.85,0.079435715180644,8,10
0.85,0.082389334368339,9,10
0.85,0.079308588341474,10,10
0.85,0.080665433427082,11,10
0.85,0.081669778012175,12,10
0.85,0.081128034127425,13,10
0.85,0.081338046230327,14,10
0.85,0.079122034087536,15,10
0.85,0.079929261673366,16,10
0.85,0.081292407383842,17,10
0.85,0.081156842862001,18,10
0.85,0.080197847192503,19,10
0.85,0.081578843628615,20,10
0.85,0.080250894786301,21,10
0.85,0.082617837205227,22,10
0.85,0.078907327856155,23,10
0.85,0.078574857939813,24,10
0.85,0.0793931782087,25,10
0.85,0.078329482093258,26,10
0.85,0.083600098570071,27,10
0.85,0.079494854924268,28,10
0.85,0.08074396167997,29,10
0.85,0.079330086573609,30,10
0.85,0.079776365897013,31,10
0.85,0.080581473632371,32,10
0.85,0.080280105875255,33,10
0.85,0.080421548883789,34,10
0.85,0.078476765178609,35,10
0.85,0.080689955707944,36,10
0.85,0.080236730682796,37,10
0.85,0.080308904834599,38,10
0.85,0.080632024271,39,10
0.85,0.086356198306701,40,10
0.85,0.081917210635373,41,10
0.85,0.081506364824428,42,10
0.85,0.079782688676579,43,10
0.85,0.082550003254024,44,10
0.85,0.080371061737613,45,10
0.85,0.081860156688664,46,10
0.85,0.08275669628165,47,10
0.85,0.081072714589775,48,10
0.85,0.080190736715237,49,10
0.85,0.079732938503077,50,10
0.85,0.082211195491273,51,10
0.85,0.080848806114585,52,10
0.85,0.08067867166694,53,10
0.85,0.078344333666133,54,10
0.85,0.079986166905732,55,10
0.85,0.079994774076366,56,10
0.85,0.078907841847196,57,10
0.85,0.07983401512183,58,10
0.85,0.079913281816173,59,10
0.85,0.079764849920532,60,10
0.85,0.080624987837908,61,10
0.85,0.083717476759381,62,10
0.85,0.079835529605859,63,10
0.85,0.081175395107677,64,10
0.85,0.080069820637033,65,10
0.85,0.080012564124348,66,10
0.85,0.0789942010494,67,10
0.85,0.078674505956315,68,10
0.85,0.081687504547538,69,10
0.85,0.07991468183553,70,10
0.85,0.07924405872929,71,10
0.85,0.078885207352768,72,10
0.85,0.080892488731031,73,10
0.85,0.079297391078616,74,10
0.85,0.083654967658233,75,10
0.85,0.081389985753478,76,10
0.85,0.080162727658062,77,10
0.85,0.08052485937213,78,10
0.85,0.078520207605193,79,10
0.85,0.080611309988782,80,10
0.85,0.080208415428978,81,10
0.85,0.079886376227275,82,10
0.85,0.079336760483972,83,10
0.85,0.080687817427124,84,10
0.85,0.082027138435469,85,10
0.85,0.079476833302087,86,10
0.85,0.081542342055865,87,10
0.85,0.07762648878086,88,10
0.85,0.078852556023781,89,10
0.85,0.083393782746579,90,10
0.85,0.078731297291241,91,10
0.85,0.079210334620012,92,10
0.85,0.079251703286166,93,10
0.85,0.079358703163762,94,10
0.85,0.08101356332815,95,10
0.85,0.080253380922579,96,10
0.85,0.080582670995107,97,10
0.85,0.080555294502691,98,10
0.85,0.079566642873808,99,10
0.85,0.080039902240293,1,11
0.85,0.078708715331716,2,11
0.85,0.079383616026031,3,11
0.85,0.080132918746727,4,11
0.85,0.079574103976247,5,11
0.85,0.080729755562976,6,11
0.85,0.07993934223795,7,11
0.85,0.080902551374273,8,11
0.85,0.080489413771879,9,11
0.85,0.080032947809968,10,11
0.85,0.083225140012508,11,11
0.85,0.080144973774619,12,11
0.85,0.079536919737398,13,11
0.85,0.08084345467944,14,11
0.85,0.080597982411368,15,11
0.85,0.079343189566855,16,11
0.85,0.080488648038206,17,11
0.85,0.081796184682161,18,11
0.85,0.079004818595348,19,11
0.85,0.07998941118315,20,11
0.85,0.079354910954027,21,11
0.85,0.079682170746048,22,11
0.85,0.081244037973275,23,11
0.85,0.079517698428881,24,11
0.85,0.083666417725881,25,11
0.85,0.080957944257293,26,11
0.85,0.079802875276731,27,11
0.85,0.079825627209998,28,11
0.85,0.081760159701955,29,11
0.85,0.079536855699302,30,11
0.85,0.081227378050201,31,11
0.85,0.08072960884859,32,11
0.85,0.082455052287889,33,11
0.85,0.079593900130945,34,11
0.85,0.079343115848236,35,11
0.85,0.080158632734888,36,11
0.85,0.0795515892838,37,11
0.85,0.079158893364011,38,11
0.85,0.079884812443248,39,11
0.85,0.084617421059818,40,11
0.85,0.080507910084815,41,11
0.85,0.08178316696415,42,11
0.85,0.080949771604617,43,11
0.85,0.080502807347911,44,11
0.85,0.078337162066178,45,11
0.85,0.081436780012894,46,11
0.85,0.083427540609917,47,11
0.85,0.077440335855995,48,11
0.85,0.079703362393773,49,11
0.85,0.080097771894608,50,11
0.85,0.080487694858943,51,11
0.85,0.079129432888498,52,11
0.85,0.079646415068763,53,11
0.85,0.081220894917367,54,11
0.85,0.078906595748879,55,11
0.85,0.080540184860667,56,11
0.85,0.08180488973988,57,11
0.85,0.081101245401596,58,11
0.85,0.079942160986023,59,11
0.85,0.080182965009716,60,11
0.85,0.082122060365015,61,11
0.85,0.07951569333391,62,11
0.85,0.083010426002382,63,11
0.85,0.080013283328112,64,11
0.85,0.07947351115906,65,11
0.85,0.081305814086578,66,11
0.85,0.079840480892863,67,11
0.85,0.080774286813996,68,11
0.85,0.080582561515182,69,11
0.85,0.080697530375233,70,11
0.85,0.080155337392575,71,11
0.85,0.078621369725171,72,11
0.85,0.078219643481955,73,11
0.85,0.080475295545587,74,11
0.85,0.078049900297911,75,11
0.85,0.078624510847026,76,11
0.85,0.079923828087021,77,11
0.85,0.082574642556306,78,11
0.85,0.081302409681583,79,11
0.85,0.079883796025741,80,11
0.85,0.077956944563537,81,11
0.85,0.081583354755209,82,11
0.85,0.081078186249514,83,11
0.85,0.084932904720255,84,11
0.85,0.080136844372922,85,11
0.85,0.083196105183306,86,11
0.85,0.080438717669695,87,11
0.85,0.079087788494556,88,11
0.85,0.077893106288363,89,11
0.85,0.083229616159016,90,11
0.85,0.078448340359304,91,11
0.85,0.08355434389173,92,11
0.85,0.080265487920388,93,11
0.85,0.082500208881411,94,11
0.85,0.080218680435001,95,11
0.85,0.082003366047467,96,11
0.85,0.079472444655422,97,11
0.85,0.08297608130815,98,11
0.85,0.080273678765514,99,11
0.85,0.079930775295061,1,12
0.85,0.081178182910464,2,12
0.85,0.079029245586817,3,12
0.85,0.082786778125338,4,12
0.85,0.082860466641777,5,12
0.85,0.077713165341831,6,12
0.85,0.081840556520628,7,12
0.85,0.081997391095868,8,12
0.85,0.078575654809103,9,12
0.85,0.078704728802078,10,12
0.85,0.080698784067072,11,12
0.85,0.080985487498013,12,12
0.85,0.079451548491841,13,12
0.85,0.080040328564981,14,12
0.85,0.080016208801179,15,12
0.85,0.081472536264938,16,12
0.85,0.080922635435148,17,12
0.85,0.081089946030494,18,12
0.85,0.079132695290893,19,12
0.85,0.080246825007163,20,12
0.85,0.080453202881224,21,12
0.85,0.078281324514812,22,12
0.85,0.08197866836909,23,12
0.85,0.079895349274333,24,12
0.85,0.080108429241418,25,12
0.85,0.081673581475772,26,12
0.85,0.078158912309995,27,12
0.85,0.08047133676755,28,12
0.85,0.08026475028817,29,12
0.85,0.080528442955869,30,12
0.85,0.079622217782519,31,12
0.85,0.079171165713558,32,12
0.85,0.080859489770386,33,12
0.85,0.081078787882812,34,12
0.85,0.07926872367757,35,12
0.85,0.079601334568132,36,12
0.85,0.080611813649667,37,12
0.85,0.083076314120463,38,12
0.85,0.080077280324183,39,12
0.85,0.079818179513834,40,12
0.85,0.081817757068453,41,12
0.85,0.082620472326632,42,12
0.85,0.080805841525648,43,12
0.85,0.080103452590227,44,12
0.85,0.079331349504509,45,12
0.85,0.07945021670542,46,12
0.85,0.080256964026717,47,12
0.85,0.079206209912477,48,12
0.85,0.078901541397317,49,12
0.85,0.079598713556806,50,12
0.85,0.080693412816473,51,12
0.85,0.080460000506444,52,12
0.85,0.079728261845261,53,12
0.85,0.081406560810661,54,12
0.85,0.080251662120205,55,12
0.85,0.079373342807048,56,12
0.85,0.081434993140343,57,12
0.85,0.080164155768193,58,12
0.85,0.080247043673894,59,12
0.85,0.08110410617341,60,12
0.85,0.081405266417412,61,12
0.85,0.080144284124689,62,12
0.85,0.08042067017117,63,12
0.85,0.080608214654504,64,12
0.85,0.082834736943534,65,12
0.85,0.077960773884759,66,12
0.85,0.080373228905995,67,12
0.85,0.078823129538558,68,12
0.85,0.083786308745041,69,12
0.85,0.079917033253236,70,12
0.85,0.081172391570191,71,12
0.85,0.079151337986583,72,12
0.85,0.081234727695006,73,12
0.85,0.07946267725036,74,12
0.85,0.081504927522958,75,12
0.85,0.080628798392481,76,12
0.85,0.079888574025428,77,12
0.85,0.079190787186143,78,12
0.85,0.078059226735037,79,12
0.85,0.079365288113816,80,12
0.85,0.079958289564043,81,12
0.85,0.080370897152613,82,12
0.85,0.079493532819306,83,12
0.85,0.080917852344584,84,12
0.85,0.081008273061704,85,12
0.85,0.079099720919945,86,12
0.85,0.080277162004654,87,12
0.85,0.079683837148918,88,12
0.85,0.081427556001864,89,12
0.85,0.080152438743697,90,12
0.85,0.079136640510863,91,12
0.85,0.079073894997302,92,12
0.85,0.079535725622773,93,12
0.85,0.079899918885463,94,12
0.85,0.081034843360574,95,12
0.85,0.078257468744032,96,12
0.85,0.081624114885484,97,12
0.85,0.079247892244424,98,12
0.85,0.083213199150055,99,12
0.85,0.081063227455651,1,13
0.85,0.077299353786574,2,13
0.85,0.081594325239515,3,13
0.85,0.080198289944079,4,13
0.85,0.080575080087384,5,13
0.85,0.079080122152883,6,13
0.85,0.07980396155234,7,13
0.85,0.083555478932244,8,13
0.85,0.082459905111359,9,13
0.85,0.081611058451618,10,13
0.85,0.079193470367648,11,13
0.85,0.079141466017132,12,13
0.85,0.078880638030267,13,13
0.85,0.080090757116907,14,13
0.85,0.079805050684238,15,13
0.85,0.078995425513082,16,13
0.85,0.081276015851807,17,13
0.85,0.082604603974646,18,13
0.85,0.080086645543469,19,13
0.85,0.080555383422629,20,13
0.85,0.079477137760215,21,13
0.85,0.079585948870869,22,13
0.85,0.080990624563407,23,13
0.85,0.07941664239994,24,13
0.85,0.081448243758567,25,13
0.85,0.080617569372064,26,13
0.85,0.079517114442681,27,13
0.85,0.078262864956533,28,13
0.85,0.08026733525113,29,13
0.85,0.079823075581593,30,13
0.85,0.080969465008442,31,13
0.85,0.079804711158777,32,13
0.85,0.079678698518405,33,13
0.85,0.079191754575672,34,13
0.85,0.080951197966229,35,13
0.85,0.081250802106528,36,13
0.85,0.081675736424279,37,13
0.85,0.080806144759224,38,13
0.85,0.079358998063965,39,13
0.85,0.080691093269398,40,13
0.85,0.081225820313496,41,13
0.85,0.080878375237592,42,13
0.85,0.081316873738435,43,13
0.85,0.08161501434686,44,13
0.85,0.079543566918183,45,13
0.85,0.081611317987736,46,13
0.85,0.080207888058499,47,13
0.85,0.083328695413832,48,13
0.85,0.081922000003082,49,13
0.85,0.080653861491675,50,13
0.85,0.079750840906628,51,13
0.85,0.080256485844566,52,13
0.85,0.080760502435023,53,13
0.85,0.080769493132939,54,13
0.85,0.080032633596433,55,13
0.85,0.080539336929579,56,13
0.85,0.079018423113056,57,13
0.85,0.079196451475642,58,13
0.85,0.080549273250485,59,13
0.85,0.080333330730153,60,13
0.85,0.079571119013003,61,13
0.85,0.080735582687631,62,13
0.85,0.082207923376426,63,13
0.85,0.079468876526415,64,13
0.85,0.079883743731355,65,13
0.85,0.081586217383856,66,13
0.85,0.079220531081507,67,13
0.85,0.080717701694073,68,13
0.85,0.079586070075283,69,13
0.85,0.080758640186494,70,13
0.85,0.080179028424952,71,13
0.85,0.081441543774345,72,13
0.85,0.081139248321558,73,13
0.85,0.07866301927846,74,13
0.85,0.078490834902897,75,13
0.85,0.082130832572742,76,13
0.85,0.080420797910185,77,13
0.85,0.079795434447227,78,13
0.85,0.081688899011146,79,13
0.85,0.080762059545889,80,13
0.85,0.080866672631496,81,13
0.85,0.082311521777459,82,13
0.85,0.079146820571485,83,13
0.85,0.080144480758367,84,13
0.85,0.081656629474408,85,13
0.85,0.080607020780324,86,13
0.85,0.079602965834409,87,13
0.85,0.0793964330831,88,13
0.85,0.080331568118182,89,13
0.85,0.079521111067698,90,13
0.85,0.079814929508022,91,13
0.85,0.079038148505963,92,13
0.85,0.084220270192499,93,13
0.85,0.078215882361777,94,13
0.85,0.079695542486969,95,13
0.85,0.07926802447927,96,13
0.85,0.079288008600733,97,13
0.85,0.079623099713563,98,13
0.85,0.080118271276255,99,13
0.85,0.083454369111155,1,14
0.85,0.079478926630429,2,14
0.85,0.084861126207646,3,14
0.85,0.077852944456194,4,14
0.85,0.080564971174349,5,14
0.85,0.079035610891226,6,14
0.85,0.080482638472566,7,14
0.85,0.080396869067064,8,14
0.85,0.08046040312897,9,14
0.85,0.080737322206113,10,14
0.85,0.078808979291787,11,14
0.85,0.081610899201002,12,14
0.85,0.079674118160753,13,14
0.85,0.078486998799192,14,14
0.85,0.084351273899131,15,14
0.85,0.07878073609706,16,14
0.85,0.079943656041043,17,14
0.85,0.080267372097177,18,14
0.85,0.079566449619954,19,14
0.85,0.079191945007469,20,14
0.85,0.080151235237589,21,14
0.85,0.081020852311081,22,14
0.85,0.079521149947694,23,14
0.85,0.079408275819469,24,14
0.85,0.079789651752736,25,14
0.85,0.080212442085703,26,14
0.85,0.079642798837972,27,14
0.85,0.080588601518173,28,14
0.85,0.079973797628886,29,14
0.85,0.079037343658237,30,14
0.85,0.080093675780871,31,14
0.85,0.081007809637114,32,14
0.85,0.08001828085063,33,14
0.85,0.080751036460228,34,14
0.85,0.081509334684316,35,14
0.85,0.079583433999177,36,14
0.85,0.081308370219139,37,14
0.85,0.07904241433677,38,14
0.85,0.079854641718667,39,14
0.85,0.079409708013656,40,14
0.85,0.081969151090228,41,14
0.85,0.080599198854658,42,14
0.85,0.082105902295466,43,14
0.85,0.078638551063938,44,14
0.85,0.080782375510586,45,14
0.85,0.081733841903876,46,14
0.85,0.079168946664027,47,14
0.85,0.079917075682504,48,14
0.85,0.078867274232852,49,14
0.85,0.080129718684664,50,14
0.85,0.078447574013483,51,14
0.85,0.08004476941289,52,14
0.85,0.08015195287109,53,14
0.85,0.079487021557867,54,14
0.85,0.081842646428928,55,14
0.85,0.079240773375731,56,14
0.85,0.080801038404712,57,14
0.85,0.080998977673722,58,14
0.85,0.080920190202227,59,14
0.85,0.080386991917216,60,14
0.85,0.079216868864146,61,14
0.85,0.080912477972833,62,14
0.85,0.08110275093776,63,14
0.85,0.083043104483037,64,14
0.85,0.079713078223025,65,14
0.85,0.07978485162348,66,14
0.85,0.082349383583063,67,14
0.85,0.078947681682184,68,14
0.85,0.080561594895004,69,14
0.85,0.082908030114173,70,14
0.85,0.078377674154868,71,14
0.85,0.078352349566947,72,14
0.85,0.077822959680365,73,14
0.85,0.081816808296513,74,14
0.85,0.082945701435431,75,14
0.85,0.079649591176355,76,14
0.85,0.08051799276595,77,14
0.85,0.078633697168491,78,14
0.85,0.082702014498537,79,14
0.85,0.083626340099684,80,14
0.85,0.07966884622169,81,14
0.85,0.07952454127319,82,14
0.85,0.078598689231085,83,14
0.85,0.081431105139302,84,14
0.85,0.082231306615363,85,14
0.85,0.081034638331651,86,14
0.85,0.082488901474648,87,14
0.85,0.082014184058907,88,14
0.85,0.082278324357739,89,14
0.85,0.079082006076625,90,14
0.85,0.081224509205629,91,14
0.85,0.079399797733973,92,14
0.85,0.080036303855598,93,14
0.85,0.080871714013921,94,14
0.85,0.080666871663848,95,14
0.85,0.080664711991558,96,14
0.85,0.07976479490953,97,14
0.85,0.082048072515946,98,14
0.85,0.080538230010647,99,14
0.85,0.083561955630617,1,15
0.85,0.081551632185807,2,15
0.85,0.07935528930543,3,15
0.85,0.078677136881201,4,15
0.85,0.079715205320985,5,15
0.85,0.080539072366524,6,15
0.85,0.080630355681162,7,15
0.85,0.086588314241403,8,15
0.85,0.07969583441493,9,15
0.85,0.079956179473671,10,15
0.85,0.080442954196076,11,15
0.85,0.079817997798262,12,15
0.85,0.082837014378072,13,15
0.85,0.080212624272626,14,15
0.85,0.080325498859569,15,15
0.85,0.080896210995895,16,15
0.85,0.07805674982836,17,15
0.85,0.082135215778114,18,15
0.85,0.081576724694035,19,15
0.85,0.081400645833076,20,15
0.85,0.081880047523645,21,15
0.85,0.080306399103356,22,15
0.85,0.080283391163308,23,15
0.85,0.079240502112892,24,15
0.85,0.081541573967295,25,15
0.85,0.081455014855095,26,15
0.85,0.080717338877225,27,15
0.85,0.081490108726943,28,15
0.85,0.080763827136999,29,15
0.85,0.079378070875318,30,15
0.85,0.083028508290403,31,15
0.85,0.081693709189543,32,15
0.85,0.080656884765988,33,15
0.85,0.078378351633295,34,15
0.85,0.081987842536435,35,15
0.85,0.08055551720693,36,15
0.85,0.078622701389246,37,15
0.85,0.080018365056164,38,15
0.85,0.078149652006915,39,15
0.85,0.080507058701535,40,15
0.85,0.080731842002498,41,15
0.85,0.08252640982565,42,15
0.85,0.080019776971945,43,15
0.85,0.08062089550467,44,15
0.85,0.081699202258184,45,15
0.85,0.079439009133423,46,15
0.85,0.080852762752253,47,15
0.85,0.081156594932104,48,15
0.85,0.079178917661642,49,15
0.85,0.080568015326107,50,15
0.85,0.080775699153951,51,15
0.85,0.079274666210543,52,15
0.85,0.081179038567749,53,15
0.85,0.079612162945692,54,15
0.85,0.080507176706918,55,15
0.85,0.080663383134305,56,15
0.85,0.080390724324666,57,15
0.85,0.079293528333022,58,15
0.85,0.081744290246024,59,15
0.85,0.079803231794131,60,15
0.85,0.07971400165469,61,15
0.85,0.07858981513776,62,15
0.85,0.081626102999786,63,15
0.85,0.079870147910164,64,15
0.85,0.079514600626444,65,15
0.85,0.080901893896233,66,15
0.85,0.079755077942786,67,15
0.85,0.080339444638325,68,15
0.85,0.079478529053525,69,15
0.85,0.078912936494428,70,15
0.85,0.083704427636555,71,15
0.85,0.080853515664314,72,15
0.85,0.079508380047252,73,15
0.85,0.079555842321707,74,15
0.85,0.080198556918957,75,15
0.85,0.078683245456754,76,15
0.85,0.07829804725722,77,15
0.85,0.079456680726283,78,15
0.85,0.080054162207754,79,15
0.85,0.08079855424872,80,15
0.85,0.077838069923977,81,15
0.85,0.081615098445917,82,15
0.85,0.080072552640858,83,15
0.85,0.078533684449333,84,15
0.85,0.07813529230796,85,15
0.85,0.084440969539678,86,15
0.85,0.080069442669021,87,15
0.85,0.080151017949115,88,15
0.85,0.080107447809135,89,15
0.85,0.078911520904766,90,15
0.85,0.079828615351855,91,15
0.85,0.079970654955329,92,15
0.85,0.078887745991103,93,15
0.85,0.080109286475252,94,15
0.85,0.08294926642485,95,15
0.85,0.080015333690476,96,15
0.85,0.079454157314818,97,15
0.85,0.080259178722914,98,15
0.85,0.07907269070612,99,15
0.85,0.080305799265995,1,16
0.85,0.079022098572904,2,16
0.85,0.078555111764629,3,16
0.85,0.080375178145187,4,16
0.85,0.079135983227234,5,16
0.85,0.077730274939415,6,16
0.85,0.081362469633161,7,16
0.85,0.079080996310092,8,16
0.85,0.081941872340287,9,16
0.85,0.079263197858511,10,16
0.85,0.080357438445852,11,16
0.85,0.080423363246283,12,16
0.85,0.078161803329728,13,16
0.85,0.079696231368314,14,16
0.85,0.079881644686534,15,16
0.85,0.080342889853888,16,16
0.85,0.080884329326046,17,16
0.85,0.080964652389492,18,16
0.85,0.083266332628555,19,16
0.85,0.078110212419536,20,16
0.85,0.083919739637444,21,16
0.85,0.080861069249438,22,16
0.85,0.081535653437829,23,16
0.85,0.078987690430408,24,16
0.85,0.081685469174439,25,16
0.85,0.080641691879561,26,16
0.85,0.080146525945218,27,16
0.85,0.080618397826941,28,16
0.85,0.078271970168193,29,16
0.85,0.079841740648109,30,16
0.85,0.080664578634632,31,16
0.85,0.081040402559754,32,16
0.85,0.080698326628576,33,16
0.85,0.080122981287495,34,16
0.85,0.079984344723066,35,16
0.85,0.081159707464043,36,16
0.85,0.082693364431118,37,16
0.85,0.078524306846924,38,16
0.85,0.078568413298346,39,16
0.85,0.079549436977535,40,16
0.85,0.081000373121423,41,16
0.85,0.082767292434799,42,16
0.85,0.079559091824185,43,16
0.85,0.081531325162778,44,16
0.85,0.083248334902042,45,16
0.85,0.079444701966704,46,16
0.85,0.081126037372247,47,16
0.85,0.082622710117871,48,16
0.85,0.082350482959772,49,16
0.85,0.079758204691093,50,16
0.85,0.079194628043443,51,16
0.85,0.081016698829646,52,16
0.85,0.080992806228744,53,16
0.85,0.080263908751106,54,16
0.85,0.079132578418458,55,16
0.85,0.079703994440508,56,16
0.85,0.078738407790058,57,16
0.85,0.082255136268788,58,16
0.85,0.078399651091642,59,16
0.85,0.079428692023748,60,16
0.85,0.080045625185829,61,16
0.85,0.081019645782178,62,16
0.85,0.080294696910866,63,16
0.85,0.08082418884618,64,16
0.85,0.081641179229425,65,16
0.85,0.079324069244422,66,16
0.85,0.081523208548966,67,16
0.85,0.07983061413446,68,16
0.85,0.079233850762287,69,16
0.85,0.084013051599926,70,16
0.85,0.078692187989102,71,16
0.85,0.082487778289942,72,16
0.85,0.080562021892011,73,16
0.85,0.07917063402288,74,16
0.85,0.085373713460387,75,16
0.85,0.079198756343811,76,16
0.85,0.08014987721659,77,16
0.85,0.08206040377794,78,16
0.85,0.079793159361634,79,16
0.85,0.081100696056358,80,16
0.85,0.079540057510113,81,16
0.85,0.081632658933109,82,16
0.85,0.079821689242173,83,16
0.85,0.081228008873353,84,16
0.85,0.081287140816613,85,16
0.85,0.081086656663859,86,16
0.85,0.078751663921699,87,16
0.85,0.082248797856374,88,16
0.85,0.080362368511487,89,16
0.85,0.082302843932716,90,16
0.85,0.081763456050509,91,16
0.85,0.079128843268053,92,16
0.85,0.080313501867132,93,16
0.85,0.079030884307782,94,16
0.85,0.079313900976832,95,16
0.85,0.080253481479102,96,16
0.85,0.078904914391702,97,16
0.85,0.079819224251448,98,16
0.85,0.079339525044532,99,16
0.85,0.079215607689983,1,17
0.85,0.078007878278676,2,17
0.85,0.080573379266912,3,17
0.85,0.080487015681294,4,17
0.85,0.080675997835636,5,17
0.85,0.081319862111688,6,17
0.85,0.080730776680968,7,17
0.85,0.080360344661077,8,17
0.85,0.080561858067713,9,17
0.85,0.080148570948193,10,17
0.85,0.080417067571154,11,17
0.85,0.081348385133983,12,17
0.85,0.079133826096488,13,17
0.85,0.080140246283372,14,17
0.85,0.0789440292133,15,17
0.85,0.081851339048645,16,17
0.85,0.077686002381465,17,17
0.85,0.080652914594126,18,17
0.85,0.079390453504058,19,17
0.85,0.079657076637344,20,17
0.85,0.080020836122416,21,17
0.85,0.081544108421015,22,17
0.85,0.080806859226163,23,17
0.85,0.078312492605723,24,17
0.85,0.081672298957227,25,17
0.85,0.079879898443736,26,17
0.85,0.079670997199007,27,17
0.85,0.080609453667801,28,17
0.85,0.080640101955589,29,17
0.85,0.081961173395749,30,17
0.85,0.08077681586669,31,17
0.85,0.079375321288238,32,17
0.85,0.079892149119967,33,17
0.85,0.080002455531404,34,17
0.85,0.08073185363275,35,17
0.85,0.078857873058406,36,17
0.85,0.079347476339382,37,17
0.85,0.081934381748969,38,17
0.85,0.078588975939969,39,17
0.85,0.079441873550258,40,17
0.85,0.07892264528474,41,17
0.85,0.080791627482926,42,17
0.85,0.080798605900569,43,17
0.85,0.078878981328112,44,17
0.85,0.080226530211526,45,17
0.85,0.081269241003317,46,17
0.85,0.080589887813096,47,17
0.85,0.081401489859148,48,17
0.85,0.079414702887656,49,17
0.85,0.080589634788178,50,17
0.85,0.080961483592357,51,17
0.85,0.078669681713649,52,17
0.85,0.08120141882421,53,17
0.85,0.080041889998955,54,17
0.85,0.079720195852624,55,17
0.85,0.081447943599256,56,17
0.85,0.079003122081741,57,17
0.85,0.079012297048553,58,17
0.85,0.080304940413055,59,17
0.85,0.079915232694707,60,17
0.85,0.080173588082505,61,17
0.85,0.08138661083824,62,17
0.85,0.07959103997704,63,17
0.85,0.080376685661773,64,17
0.85,0.080467030864939,65,17
0.85,0.080259982817572,66,17
0.85,0.080048342091968,67,17
0.85,0.080452323231123,68,17
0.85,0.080203151762425,69,17
0.85,0.079427922787595,70,17
0.85,0.081009185950708,71,17
0.85,0.080402788120447,72,17
0.85,0.079799953755192,73,17
0.85,0.079355249007552,74,17
0.85,0.079192899693252,75,17
0.85,0.077820949728695,76,17
0.85,0.078662990769302,77,17
0.85,0.080815927362673,78,17
0.85,0.080471787594794,79,17
0.85,0.080136437490176,80,17
0.85,0.079406430647533,81,17
0.85,0.081449426761328,82,17
0.85,0.079407481143622,83,17
0.85,0.080808301456502,84,17
0.85,0.081106262506879,85,17
0.85,0.080890704334467,86,17
0.85,0.079988376479683,87,17
0.85,0.081171268803027,88,17
0.85,0.084701436923698,89,17
0.85,0.079018120543225,90,17
0.85,0.081072773215023,91,17
0.85,0.081637201792147,92,17
0.85,0.078354539296132,93,17
0.85,0.078654647851112,94,17
0.85,0.080947444684299,95,17
0.85,0.080831083177754,96,17
0.85,0.082032253424932,97,17
0.85,0.082206308163876,98,17
0.85,0.080562896551711,99,17
0.85,0.080621707585191,1,18
0.85,0.080312502654809,2,18
0.85,0.080705629640996,3,18
0.85,0.081817154359855,4,18
0.85,0.080416934231943,5,18
0.85,0.080965497821434,6,18
0.85,0.08261411119522,7,18
0.85,0.082249817927834,8,18
0.85,0.078752970088096,9,18
0.85,0.080597883985514,10,18
0.85,0.079668709105568,11,18
0.85,0.081153981038296,12,18
0.85,0.080967705977226,13,18
0.85,0.080841886226358,14,18
0.85,0.082775043302344,15,18
0.85,0.078549923078654,16,18
0.85,0.079865932564713,17,18
0.85,0.079552165480989,18,18
0.85,0.078812699490254,19,18
0.85,0.083201689196662,20,18
0.85,0.080314139216257,21,18
0.85,0.079859437408875,22,18
0.85,0.07982858852805,23,18
0.85,0.079812113590885,24,18
0.85,0.078840875324974,25,18
0.85,0.079032988420489,26,18
0.85,0.079894782514656,27,18
0.85,0.078633971973332,28,18
0.85,0.080035038695411,29,18
0.85,0.079829140237862,30,18
0.85,0.078534825149304,31,18
0.85,0.079661857036516,32,18
0.85,0.079642425257747,33,18
0.85,0.078692489811105,34,18
0.85,0.081471574620328,35,18
0.85,0.080514352183837,36,18
0.85,0.081744590976812,37,18
0.85,0.083112457460436,38,18
0.85,0.079040479772747,39,18
0.85,0.078844293502374,40,18
0.85,0.082631733289427,41,18
0.85,0.080486967209777,42,18
0.85,0.079913567094909,43,18
0.85,0.07980059325881,44,18
0.85,0.078810150794653,45,18
0.85,0.080343419222987,46,18
0.85,0.079492814488662,47,18
0.85,0.079611946149436,48,18
0.85,0.08104778398553,49,18
0.85,0.08225704817122,50,18
0.85,0.081355414175162,51,18
0.85,0.080958851174908,52,18
0.85,0.079020618244928,53,18
0.85,0.080634983284704,54,18
0.85,0.080612304350171,55,18
0.85,0.079584975601695,56,18
0.85,0.081249521890708,57,18
0.85,0.079624416656698,58,18
0.85,0.080321405912545,59,18
0.85,0.083781551948024,60,18
0.85,0.081576718596299,61,18
0.85,0.082553723049145,62,18
0.85,0.079788252552,63,18
0.85,0.080000242256665,64,18
0.85,0.080232084792791,65,18
0.85,0.079666542763982,66,18
0.85,0.080682938092442,67,18
0.85,0.078839797698226,68,18
0.85,0.080652099012592,69,18
0.85,0.080225113655584,70,18
0.85,0.08041224658641,71,18
0.85,0.080408358737775,72,18
0.85,0.080137675544318,73,18
0.85,0.080575328541894,74,18
0.85,0.078911457933625,75,18
0.85,0.079869720165291,76,18
0.85,0.081294490953247,77,18
0.85,0.08138268844883,78,18
0.85,0.079319714793815,79,18
0.85,0.079857921204223,80,18
0.85,0.081619108511443,81,18
0.85,0.080999584159166,82,18
0.85,0.081646043152752,83,18
0.85,0.083565145545682,84,18
0.85,0.07981748400553,85,18
0.85,0.078499511307197,86,18
0.85,0.080201479069584,87,18
0.85,0.08067814951227,88,18
0.85,0.07920636685509,89,18
0.85,0.079355432237275,90,18
0.85,0.078077405722325,91,18
0.85,0.07844711960483,92,18
0.85,0.081720896229719,93,18
0.85,0.079471444135373,94,18
0.85,0.079361379723979,95,18
0.85,0.079015096228885,96,18
0.85,0.079220467840995,97,18
0.85,0.08288069580389,98,18
0.85,0.082599075409127,99,18
0.85,0.081865517169705,1,19
0.85,0.088815907857806,2,19
0.85,0.080766368770245,3,19
0.85,0.082459683032882,4,19
0.85,0.078694193550851,5,19
0.85,0.079912818232425,6,19
0.85,0.079313414657384,7,19
0.85,0.07833402115591,8,19
0.85,0.07983092252856,9,19
0.85,0.080098289235172,10,19
0.85,0.0794098447407,11,19
0.85,0.080083871742508,12,19
0.85,0.082427013964453,13,19
0.85,0.078935281321148,14,19
0.85,0.080157871088377,15,19
0.85,0.079600996904217,16,19
0.85,0.084335063530669,17,19
0.85,0.083842485327788,18,19
0.85,0.080769732916865,19,19
0.85,0.079920420665955,20,19
0.85,0.079807505514245,21,19
0.85,0.079205210823467,22,19
0.85,0.081372380452617,23,19
0.85,0.082427039263014,24,19
0.85,0.078044080599242,25,19
0.85,0.079570324359548,26,19
0.85,0.079270637441415,27,19
0.85,0.081703509232357,28,19
0.85,0.0791081445302,29,19
0.85,0.080913110090095,30,19
0.85,0.081169838225142,31,19
0.85,0.079621643290211,32,19
0.85,0.081342098592273,33,19
0.85,0.081570992405029,34,19
0.85,0.082381063986393,35,19
0.85,0.078800827313409,36,19
0.85,0.080585504178232,37,19
0.85,0.080538320452418,38,19
0.85,0.079120122916793,39,19
0.85,0.081070789763596,40,19
0.85,0.082343732046462,41,19
0.85,0.081857849214231,42,19
0.85,0.078715515931667,43,19
0.85,0.079699574519849,44,19
0.85,0.080029564182669,45,19
0.85,0.083315558729707,46,19
0.85,0.081848299059415,47,19
0.85,0.080155485679793,48,19
0.85,0.08033887360958,49,19
0.85,0.078660198320446,50,19
0.85,0.079905529739353,51,19
0.85,0.0809075056691,52,19
0.85,0.080255693633168,53,19
0.85,0.081607477052118,54,19
0.85,0.078574260871864,55,19
0.85,0.079367019882761,56,19
0.85,0.083009842219208,57,19
0.85,0.080694080076427,58,19
0.85,0.08035091806349,59,19
0.85,0.077924942166171,60,19
0.85,0.081410525841924,61,19
0.85,0.080756605093465,62,19
0.85,0.078706545027283,63,19
0.85,0.079010163955435,64,19
0.85,0.080430877417915,65,19
0.85,0.078735643913135,66,19
0.85,0.081261411094717,67,19
0.85,0.08051287078359,68,19
0.85,0.079442269260658,69,19
0.85,0.07921779678603,70,19
0.85,0.080788950050486,71,19
0.85,0.080823101689398,72,19
0.85,0.081132913379147,73,19
0.85,0.07971844583479,74,19
0.85,0.079637625241917,75,19
0.85,0.081496005389107,76,19
0.85,0.079448842805157,77,19
0.85,0.079487250548786,78,19
0.85,0.081390187472595,79,19
0.85,0.080622107810997,80,19
0.85,0.081835634814317,81,19
0.85,0.078415479650902,82,19
0.85,0.078937434069461,83,19
0.85,0.080659654232411,84,19
0.85,0.081166445174892,85,19
0.85,0.080007424983867,86,19
0.85,0.081439421896832,87,19
0.85,0.080127756618131,88,19
0.85,0.082314450723016,89,19
0.85,0.081131344210255,90,19
0.85,0.079751764883201,91,19
0.85,0.07993096795632,92,19
0.85,0.081759638087162,93,19
0.85,0.079560570587965,94,19
0.85,0.078901074082187,95,19
0.85,0.081139133963908,96,19
0.85,0.079801723094209,97,19
0.85,0.080374771579341,98,19
0.85,0.081470350331241,99,19
0.85,0.079724111816639,1,20
0.85,0.079826042068606,2,20
0.85,0.078965586658454,3,20
0.85,0.080583745566948,4,20
0.85,0.08016229117582,5,20
0.85,0.081296787225486,6,20
0.85,0.077118242073958,7,20
0.85,0.084147165342245,8,20
0.85,0.080604442232578,9,20
0.85,0.0794891483539,10,20
0.85,0.079565537182602,11,20
0.85,0.082771462898816,12,20
0.85,0.079605064144456,13,20
0.85,0.083303489591301,14,20
0.85,0.0809149576923,15,20
0.85,0.07985713938518,16,20
0.85,0.07982693673334,17,20
0.85,0.080784031551582,18,20
0.85,0.081599023006233,19,20
0.85,0.079886406514723,20,20
0.85,0.080788621871567,21,20
0.85,0.08218668688925,22,20
0.85,0.080627815392712,23,20
0.85,0.080281104956621,24,20
0.85,0.078611999358788,25,20
0.85,0.079048409471368,26,20
0.85,0.078731477768463,27,20
0.85,0.080506843827302,28,20
0.85,0.079675717803085,29,20
0.85,0.081461857665247,30,20
0.85,0.078426876424216,31,20
0.85,0.080473393203742,32,20
0.85,0.081651789627091,33,20
0.85,0.08166283368227,34,20
0.85,0.079022830641437,35,20
0.85,0.079192549281724,36,20
0.85,0.082176491166855,37,20
0.85,0.082906855480589,38,20
0.85,0.083432742981009,39,20
0.85,0.079612039061909,40,20
0.85,0.08004871007905,41,20
0.85,0.081293471240767,42,20
0.85,0.081176250480892,43,20
0.85,0.081775939150047,44,20
0.85,0.07945741779817,45,20
0.85,0.080750462613876,46,20
0.85,0.079840208867043,47,20
0.85,0.080072985507458,48,20
0.85,0.08116862497689,49,20
0.85,0.080268093226011,50,20
0.85,0.08010736402906,51,20
0.85,0.080177426550159,52,20
0.85,0.080811380582262,53,20
0.85,0.079546250308842,54,20
0.85,0.079713644854366,55,20
0.85,0.080683361581265,56,20
0.85,0.082748193188504,57,20
0.85,0.079619412125115,58,20
0.85,0.078897483731677,59,20
0.85,0.07992281414108,60,20
0.85,0.081303760479977,61,20
0.85,0.07945064281871,62,20
0.85,0.080283419567868,63,20
0.85,0.078790965700427,64,20
0.85,0.082531390724823,65,20
0.85,0.080181260204479,66,20
0.85,0.078313334035111,67,20
0.85,0.082167550702069,68,20
0.85,0.083112064635963,69,20
0.85,0.078669358689268,70,20
0.85,0.080661090892166,71,20
0.85,0.080619030569003,72,20
0.85,0.079788676336575,73,20
0.85,0.078680540380484,74,20
0.85,0.080976190819467,75,20
0.85,0.079756625565568,76,20
0.85,0.082696748492097,77,20
0.85,0.079857312068272,78,20
0.85,0.081435926524322,79,20
0.85,0.079881218449955,80,20
0.85,0.081036568616489,81,20
0.85,0.081013376315004,82,20
0.85,0.080848482164099,83,20
0.85,0.079153417860432,84,20
0.85,0.082738918053456,85,20
0.85,0.081626195072283,86,20
0.85,0.080795627323145,87,20
0.85,0.081201064176716,88,20
0.85,0.08262818906371,89,20
0.85,0.08012144963721,90,20
0.85,0.079662981400313,91,20
0.85,0.086132880920332,92,20
0.85,0.080375804526623,93,20
0.85,0.080392165306497,94,20
0.85,0.080431039411073,95,20
0.85,0.078715557333675,96,20
0.85,0.080436284402879,97,20
0.85,0.082671303611907,98,20
0.85,0.080318636274199,99,20
0.85,0.078696677567612,1,21
0.85,0.080718301091059,2,21
0.85,0.083795893426364,3,21
0.85,0.080081700332205,4,21
0.85,0.079910334578895,5,21
0.85,0.078027955140491,6,21
0.85,0.077476423161222,7,21
0.85,0.079052698591356,8,21
0.85,0.080390196082483,9,21
0.85,0.079661180951594,10,21
0.85,0.081066515956792,11,21
0.85,0.08060536144413,12,21
0.85,0.079055213057707,13,21
0.85,0.0798554261866,14,21
0.85,0.07986233522145,15,21
0.85,0.079472348711861,16,21
0.85,0.081610309026392,17,21
0.85,0.080324566913057,18,21
0.85,0.080734742834051,19,21
0.85,0.080262979467118,20,21
0.85,0.079051520241925,21,21
0.85,0.079336380209151,22,21
0.85,0.082339040785706,23,21
0.85,0.083040523331319,24,21
0.85,0.080132255950051,25,21
0.85,0.079086200708088,26,21
0.85,0.08080237923606,27,21
0.85,0.080339299340025,28,21
0.85,0.078709675922074,29,21
0.85,0.081614056282595,30,21
0.85,0.080665861508389,31,21
0.85,0.081909387725428,32,21
0.85,0.080845240282018,33,21
0.85,0.079415612447772,34,21
0.85,0.079992435902127,35,21
0.85,0.08078073245262,36,21
0.85,0.080289449651381,37,21
0.85,0.078771593830697,38,21
0.85,0.079877476519726,39,21
0.85,0.080337632583302,40,21
0.85,0.079423854941307,41,21
0.85,0.081023695794242,42,21
0.85,0.081695974386196,43,21
0.85,0.080250469650925,44,21
0.85,0.079583917281238,45,21
0.85,0.081800032223771,46,21
0.85,0.081170124140716,47,21
0.85,0.079777487848145,48,21
0.85,0.082149160699684,49,21
0.85,0.081511448298176,50,21
0.85,0.081756939837283,51,21
0.85,0.081715878869468,52,21
0.85,0.080010491527587,53,21
0.85,0.079043422851877,54,21
0.85,0.079491000179714,55,21
0.85,0.078256008582915,56,21
0.85,0.079375305717658,57,21
0.85,0.082393068598706,58,21
0.85,0.081935043085884,59,21
0.85,0.079806016663951,60,21
0.85,0.080107064426022,61,21
0.85,0.079302049365279,62,21
0.85,0.082112188822017,63,21
0.85,0.082775520965614,64,21
0.85,0.08288273167399,65,21
0.85,0.080205888299707,66,21
0.85,0.081199393201576,67,21
0.85,0.080231195999975,68,21
0.85,0.082058785045137,69,21
0.85,0.080385094826113,70,21
0.85,0.07935828554035,71,21
0.85,0.081152007424288,72,21
0.85,0.080948771062074,73,21
0.85,0.080951162011144,74,21
0.85,0.08035104133153,75,21
0.85,0.079813931931223,76,21
0.85,0.080380909880115,77,21
0.85,0.082258442864128,78,21
0.85,0.08010810421046,79,21
0.85,0.078398675253947,80,21
0.85,0.082116545046991,81,21
0.85,0.080646372406192,82,21
0.85,0.078869946290291,83,21
0.85,0.081554475649269,84,21
0.85,0.08082684604934,85,21
0.85,0.079266978512544,86,21
0.85,0.081286322592663,87,21
0.85,0.080852964942224,88,21
0.85,0.079243817720172,89,21
0.85,0.07902166778971,90,21
0.85,0.082697369954574,91,21
0.85,0.077664654954257,92,21
0.85,0.080217765197526,93,21
0.85,0.077685290316439,94,21
0.85,0.082071188949858,95,21
0.85,0.082814502760663,96,21
0.85,0.080989156491606,97,21
0.85,0.081718547782688,98,21
0.85,0.079188770244772,99,21
0.85,0.082848756858382,1,22
0.85,0.080318604726367,2,22
0.85,0.080442313781801,3,22
0.85,0.079657940350253,4,22
0.85,0.07856404261181,5,22
0.85,0.080427242020043,6,22
0.85,0.079676375776977,7,22
0.85,0.081037873202861,8,22
0.85,0.081290745226525,9,22
0.85,0.080303288370364,10,22
0.85,0.078399386324797,11,22
0.85,0.081319095404002,12,22
0.85,0.081327255660884,13,22
0.85,0.082605400103588,14,22
0.85,0.08044460622491,15,22
0.85,0.079945117795897,16,22
0.85,0.080377160158337,17,22
0.85,0.078265909143973,18,22
0.85,0.078669428469714,19,22
0.85,0.080357510262818,20,22
0.85,0.082303744169615,21,22
0.85,0.081521634564662,22,22
0.85,0.080912744995851,23,22
0.85,0.081905170682037,24,22
0.85,0.08025721089868,25,22
0.85,0.081622984432282,26,22
0.85,0.080293746220141,27,22
0.85,0.080689016521812,28,22
0.85,0.082226191293332,29,22
0.85,0.078459434117735,30,22
0.85,0.081205987765762,31,22
0.85,0.080059548573506,32,22
0.85,0.083060837080119,33,22
0.85,0.08184591203478,34,22
0.85,0.078917814433774,35,22
0.85,0.078732555517907,36,22
0.85,0.079229733627184,37,22
0.85,0.079088738828235,38,22
0.85,0.079579884783725,39,22
0.85,0.079550850784087,40,22
0.85,0.081701642467573,41,22
0.85,0.080592481005448,42,22
0.85,0.081104511717303,43,22
0.85,0.080610951262597,44,22
0.85,0.079318018531238,45,22
0.85,0.081116512375516,46,22
0.85,0.079353578519521,47,22
0.85,0.079961933783008,48,22
0.85,0.080598089945295,49,22
0.85,0.079294833964225,50,22
0.85,0.08220001098707,51,22
0.85,0.079780889135809,52,22
0.85,0.083017926936734,53,22
0.85,0.080592569331866,54,22
0.85,0.080876736732416,55,22
0.85,0.080623091770742,56,22
0.85,0.079737809793107,57,22
0.85,0.081446389893244,58,22
0.85,0.079238890000896,59,22
0.85,0.082919544908844,60,22
0.85,0.078204675559145,61,22
0.85,0.080172705105941,62,22
0.85,0.080537607292668,63,22
0.85,0.081526558164803,64,22
0.85,0.082026820787377,65,22
0.85,0.078632104014174,66,22
0.85,0.079486864964609,67,22
0.85,0.079142478491382,68,22
0.85,0.080057189927712,69,22
0.85,0.078712238067394,70,22
0.85,0.078940062744158,71,22
0.85,0.079265159308534,72,22
0.85,0.079944445657125,73,22
0.85,0.080905105105666,74,22
0.85,0.08053234027993,75,22
0.85,0.079768790220671,76,22
0.85,0.080812149287502,77,22
0.85,0.080837753975834,78,22
0.85,0.079477214720144,79,22
0.85,0.083748655834948,80,22
0.85,0.081106206299411,81,22
0.85,0.081293104055853,82,22
0.85,0.080709576682619,83,22
0.85,0.079884007961483,84,22
0.85,0.078875247363836,85,22
0.85,0.078909895130332,86,22
0.85,0.079819920058834,87,22
0.85,0.080485576454508,88,22
0.85,0.080199943668635,89,22
0.85,0.078196841682887,90,22
0.85,0.080918234570505,91,22
0.85,0.078054972804903,92,22
0.85,0.081501094085527,93,22
0.85,0.079279331341336,94,22
0.85,0.079401367672862,95,22
0.85,0.079768123391663,96,22
0.85,0.080408485065583,97,22
0.85,0.080994190941106,98,22
0.85,0.07946190566475,99,22
0.85,0.080617866486082,1,23
0.85,0.082295339851259,2,23
0.85,0.082815810531463,3,23
0.85,0.080192143388031,4,23
0.85,0.078147400467935,5,23
0.85,0.081006121162067,6,23
0.85,0.081215945479993,7,23
0.85,0.08074971977145,8,23
0.85,0.078703871826337,9,23
0.85,0.081770971014114,10,23
0.85,0.081872109867099,11,23
0.85,0.079075036726232,12,23
0.85,0.080300182074081,13,23
0.85,0.079568233904054,14,23
0.85,0.079090587825559,15,23
0.85,0.079605625897445,16,23
0.85,0.08189247302844,17,23
0.85,0.079600587666232,18,23
0.85,0.080926344431344,19,23
0.85,0.080735281310217,20,23
0.85,0.080437947369892,21,23
0.85,0.078738996035821,22,23
0.85,0.080125640197956,23,23
0.85,0.082418989738715,24,23
0.85,0.078660576095079,25,23
0.85,0.083863447853261,26,23
0.85,0.079192260049673,27,23
0.85,0.08107805218677,28,23
0.85,0.082664432267381,29,23
0.85,0.079086089940679,30,23
0.85,0.079689856805036,31,23
0.85,0.086284140893727,32,23
0.85,0.081426431716025,33,23
0.85,0.078591510617536,34,23
0.85,0.07888421510317,35,23
0.85,0.080437111553528,36,23
0.85,0.081421027101415,37,23
0.85,0.081696480303592,38,23
0.85,0.081157405290527,39,23
0.85,0.079222108194819,40,23
0.85,0.078023351199555,41,23
0.85,0.083972366192063,42,23
0.85,0.078953126141436,43,23
0.85,0.079898297841082,44,23
0.85,0.07955966835253,45,23
0.85,0.08060118602029,46,23
0.85,0.07937097739339,47,23
0.85,0.079639276120688,48,23
0.85,0.080932859259334,49,23
0.85,0.079244010328858,50,23
0.85,0.08023106996149,51,23
0.85,0.078125049165434,52,23
0.85,0.081983234832557,53,23
0.85,0.078793640172661,54,23
0.85,0.080085841958179,55,23
0.85,0.079299391421658,56,23
0.85,0.07722262933734,57,23
0.85,0.079280865898578,58,23
0.85,0.080762599698684,59,23
0.85,0.080734722522378,60,23
0.85,0.081577693647566,61,23
0.85,0.081961920718594,62,23
0.85,0.080238626123084,63,23
0.85,0.081005430206234,64,23
0.85,0.079235664133917,65,23
0.85,0.079669947848751,66,23
0.85,0.079869461755847,67,23
0.85,0.078664782142716,68,23
0.85,0.083531489083195,69,23
0.85,0.081842749914298,70,23
0.85,0.082967456426635,71,23
0.85,0.081835258874036,72,23
0.85,0.080445001257132,73,23
0.85,0.080669758934865,74,23
0.85,0.079775453399949,75,23
0.85,0.081600519894738,76,23
0.85,0.081940813273401,77,23
0.85,0.081626441186481,78,23
0.85,0.081703011633971,79,23
0.85,0.08122004258143,80,23
0.85,0.081409234880087,81,23
0.85,0.080408737689709,82,23
0.85,0.081745049710585,83,23
0.85,0.079897550605039,84,23
0.85,0.079854585730683,85,23
0.85,0.078657840597008,86,23
0.85,0.079273072921991,87,23
0.85,0.079279558375745,88,23
0.85,0.078470558361573,89,23
0.85,0.081846012837944,90,23
0.85,0.081289247388281,91,23
0.85,0.080524293427208,92,23
0.85,0.084590565384507,93,23
0.85,0.080243224529833,94,23
0.85,0.082701793591605,95,23
0.85,0.080561034167986,96,23
0.85,0.079691945881934,97,23
0.85,0.082731252696653,98,23
0.85,0.080110777053347,99,23
0.85,0.081889970371771,1,24
0.85,0.077043394734567,2,24
0.85,0.080708919231954,3,24
0.85,0.080898711851048,4,24
0.85,0.084377943537303,5,24
0.85,0.078982668516306,6,24
0.85,0.078670127615538,7,24
0.85,0.079911742858628,8,24
0.85,0.080318812692142,9,24
0.85,0.080592097751633,10,24
0.85,0.079284343963965,11,24
0.85,0.080027989552043,12,24
0.85,0.081203230417211,13,24
0.85,0.079021407747478,14,24
0.85,0.082492992224438,15,24
0.85,0.083057882748843,16,24
0.85,0.079722385836565,17,24
0.85,0.081901013260856,18,24
0.85,0.080416867009059,19,24
0.85,0.078466569069815,20,24
0.85,0.079985886797177,21,24
0.85,0.078575466776275,22,24
0.85,0.081296399213643,23,24
0.85,0.079250370625017,24,24
0.85,0.080489527002032,25,24
0.85,0.079992044391098,26,24
0.85,0.081483242559082,27,24
0.85,0.081733407921999,28,24
0.85,0.077781987164431,29,24
0.85,0.080507811660443,30,24
0.85,0.079895824963519,31,24
0.85,0.080885427461734,32,24
0.85,0.081568217179181,33,24
0.85,0.079840445292597,34,24
0.85,0.080284608710841,35,24
0.85,0.083934812947763,36,24
0.85,0.078037754222706,37,24
0.85,0.07953257738928,38,24
0.85,0.080844311328484,39,24
0.85,0.080314147512997,40,24
0.85,0.080279940367262,41,24
0.85,0.078993373670434,42,24
0.85,0.079292608656914,43,24
0.85,0.082081488122393,44,24
0.85,0.082101433343635,45,24
0.85,0.07964728627953,46,24
0.85,0.080014391746067,47,24
0.85,0.083343926494605,48,24
0.85,0.081259812151147,49,24
0.85,0.079374057182604,50,24
0.85,0.079223344832126,51,24
0.85,0.082708607819557,52,24
0.85,0.07967343703196,53,24
0.85,0.07884201847638,54,24
0.85,0.078913036059226,55,24
0.85,0.079072935108765,56,24
0.85,0.081056814151792,57,24
0.85,0.08041625449679,58,24
0.85,0.080632279903941,59,24
0.85,0.08073656414468,60,24
0.85,0.081829970436411,61,24
0.85,0.084417563432512,62,24
0.85,0.080756426452126,63,24
0.85,0.080933444247256,64,24
0.85,0.07841928080717,65,24
0.85,0.080142365929518,66,24
0.85,0.080027037763635,67,24
0.85,0.080182689400232,68,24
0.85,0.081135040617578,69,24
0.85,0.079616082606682,70,24
0.85,0.080788203670974,71,24
0.85,0.080574117314438,72,24
0.85,0.078455855082064,73,24
0.85,0.078677132011877,74,24
0.85,0.082758105107904,75,24
0.85,0.080209045745516,76,24
0.85,0.080378031498406,77,24
0.85,0.07960203041169,78,24
0.85,0.080988511444263,79,24
0.85,0.079940561002507,80,24
0.85,0.080052027178244,81,24
0.85,0.080595063277761,82,24
0.85,0.080103671892411,83,24
0.85,0.082184777106052,84,24
0.85,0.07963970432374,85,24
0.85,0.079773212731712,86,24
0.85,0.082006466455979,87,24
0.85,0.081706245360065,88,24
0.85,0.081589070251035,89,24
0.85,0.080236600143815,90,24
0.85,0.083297686670687,91,24
0.85,0.081469626951334,92,24
0.85,0.081512159777835,93,24
0.85,0.082482276367789,94,24
0.85,0.079776802028623,95,24
0.85,0.080773249495567,96,24
0.85,0.079656235149137,97,24
0.85,0.080575434681427,98,24
0.85,0.080005046124902,99,24
